11000000,Current Assets,1,,1100,2
11010000,Cash,2,11000000,1101,2
11010100,Petty Cash,3,11010000,1101,1
11020000,Cash In Banks,2,11000000,1102,2
11020100,Checking Account,3,11020000,1102,1
11020200,Payroll Account,3,11020000,1102,1
11020300,Savings Account,3,11020000,1102,1
11030000,Cash Register Funds,2,11000000,1103,2
11030100,Cash Register Funds #1,3,11030000,1103,1
11030200,Cash Register Funds #2,3,11030000,1103,1
11040000,Inventory,2,11000000,1104,2
11040100,Inventory in Stock,3,11040000,1104,1
11040200,Allow. for Inventory Damage,3,11040000,1104,1
11040300,Inventory In-Transit,3,11040000,1104,1
11050000,Accounts Receivable,2,11000000,1105,2
11050100,Receivable from A/R Module,3,11050000,1105,1
11050200,Allow. for Doubtful A/R,3,11050000,1105,1
11060000,Other Receivables,2,11000000,1106,2
11060100,Pre-payment Receivable from A/P,3,11060000,1106,1
11060200,Notes Receivable,3,11060000,1106,1
11060300,Loan to Employees,3,11060000,1106,1
11060400,Loan to Outside-of-Company,3,11060000,1106,1
11070000,Securities,2,11000000,1107,2
11070100,Bonds & Stocks,3,11070000,1107,1
11070200,Goverment Securities,3,11070000,1107,1
12000000,Fixed Assets,1,,1200,2
12010000,Office Equipment,2,12000000,1201,2
12010100,Off.Equip. - Original Value,3,12010000,1201,1
12010200,Off.Equip. - Accum. Deprc.,3,12010000,1201,1
12020000,Furniture & Fixtures,2,12000000,1202,2
12020100,Fur. Fix. - Original Value,3,12020000,1202,1
12020200,Fur. Fix. - Accum. Deprc.,3,12020000,1202,1
12030000,Autos & Trucks,2,12000000,1203,2
12030100,Autos & Trucks - Orignal Value,3,12030000,1203,1
12030200,Autos & Trucks - Accum. Deprc.,3,12030000,1203,1
12040000,Machinery & Equipment,2,12000000,1204,2
12040100,Mach. Equip. - Orignal Value,3,12040000,1204,1
12040200,Mach. Equip. - Accum. Deprc.,3,12040000,1204,1
12050000,Buildings & Grounds,2,12000000,1205,2
12050100,Build. & Grd. - Original Value,3,12050000,1205,1
12050200,Build. & Grd. - Accum. Deprc.,3,12050000,1205,1
12060000,Land,2,12000000,1206,1
12990000,Other Fixed Assets,2,12000000,1299,2
12990100,Other F/A - Original Value,3,12990000,1299,1
12990200,Other F/A - Accum. Deprc.,3,12990000,1299,1
13000000,Deferred Assets,1,,1300,2
13010000,Prepaid Expenses,2,13000000,1301,2
13010100,Rent,3,13010000,1301,1
13010200,Taxes,3,13010000,1301,1
13010300,Interest,3,13010000,1301,1
13010400,Insurance,3,13010000,1301,1
13020000,Leasehold Improvements,2,13000000,1302,2
13020100,Lease. Imp. - Original Value,3,13020000,1302,1
13020200,Lease. Imp. - Accum. Deprc.,3,13020000,1302,1
13030000,Organization Expenses,2,13000000,1303,2
13030100,Organ.Exp. - Original Value,3,13030000,1303,1
13030200,Organ.Exp. - Accum. Deprc.,3,13030000,1303,1
13990000,Other Deferred Assets,2,13000000,1399,1
14000000,Other Assets,1,,1400,2
14010000,Deposits,2,14000000,1401,2
14010100,Rent,3,14010000,1401,1
14010200,Security,3,14010000,1401,1
14010300,Leases,3,14010000,1401,1
14010400,Utilities,3,14010000,1401,1
14020000,Long Term Investments,2,14000000,1402,2
14020100,Long Term #1,3,14020000,1402,1
14020200,Long Term #2,3,14020000,1402,1
14990000,Misc. Other Assets,2,14000000,1499,1
21000000,Short Term Liabilities,1,,2100,2
21010000,Accounts Payable,2,21000000,2101,1
21020000,Short Term Notes Payable,2,21000000,2102,1
21030000,Pre-payment Payable from A/R,2,21000000,2103,1
21040000,Accrued Liablities,2,21000000,2103,2
21040100,Accrued Rent,3,21040000,2103,1
21040200,Accrued Salaries,3,21040000,2103,1
21040300,Accrued Hr. Wages,3,21040000,2103,1
21040400,Accrued Commissions,3,21040000,2103,1
21040500,Accrued Bonuses,3,21040000,2103,1
21040600,Insurance & Benefit,3,21040000,2103,2
21040610,Health Ins. Payable,4,21040600,2103,2
21040611,Health Inc. Employer,5,21040610,2103,1
21040612,Health Inc. Employee,5,21040610,2103,1
21040620,Dental Ins. Payable,4,21040600,2103,2
21040621,Dental Ins. Employer,5,21040620,2103,1
21040622,Dental Ins. Employee,5,21040620,2103,1
21040630,Life Ins. Payable,4,21040600,2103,2
21040631,Life Ins. Employer,5,21040630,2103,1
21040632,Life Ins. Employee,5,21040630,2103,1
21040640,401K Fund Payable,4,21040600,2103,2
21040641,401K Fund Employer,5,21040640,2103,1
21040642,401K Fund Employee,5,21040640,2103,1
21040700,Union Dues Payable,3,21040000,2103,2
21040701,Union Dues - Employer,4,21040700,2103,1
21040702,Union Dues - Employee,4,21040700,2103,1
21040800,Other Plans Payable,3,21040000,2103,2
21040801,Other Plans - Employer,4,21040800,2103,1
21040802,Other Plans - Employee,4,21040800,2103,1
21050000,Sales Tax Payable,2,21000000,2104,2
21050100,State Sales Tax Payable,3,21050000,2104,1
21050200,County Sales Tax Payable,3,21050000,2104,1
21050300,City Sales Tax Payable,3,21050000,2104,1
21050400,Other Sales Tax Payable,3,21050000,2104,1
21060000,Payroll Tax Payable,2,21000000,2105,2
21060100,Fedral Tax W/H,3,21060000,2105,1
21060200,State Tax W/H,3,21060000,2105,1
21060300,City Tax W/H,3,21060000,2105,1
21060400,FICA,3,21060000,2105,1
21060500,FICA W/H,3,21060000,2105,1
21060600,Medicare,3,21060000,2105,1
21060700,Medicare W/H,3,21060000,2105,1
21060800,FUTA,3,21060000,2105,1
21060900,SUTA,3,21060000,2105,1
21061000,SDI,3,21060000,2105,1
21061100,ETT,3,21060000,2105,1
21070000,Income Tax Payable,2,21000000,2106,2
21070100,Federal Income Tax,3,21070000,2106,1
21070200,State Income Tax,3,21070000,2106,1
21070300,City Income Tax,3,21070000,2106,1
21080000,Franchise Tax Payable,2,21000000,2107,1
21090000,Other Tax Payable,2,21000000,2108,1
21100000,Dividends Payable,2,21000000,2109,1
21110000,VAT Payable - Net,2,21000000,2104,2
21110100,VAT Pre-paid(Purchases),3,21110000,2104,1
21110200,VAT Payable(Sales),3,21110000,2104,1
21990000,Other Short Term Liability,2,21000000,2199,1
22000000,Deferred Liabilities,1,,2200,2
22010000,Deferred Income,2,22000000,2201,1
22020000,Unearned Interest,2,22000000,2202,1
22990000,Other Deferred Liability,2,22000000,2299,1
23000000,Long Term Liabilities,1,,2300,2
23010000,Notes/Loans Payable,2,23000000,2301,1
23020000,Mortgage Payable,2,23000000,2302,1
23030000,Credit Cards & Business Loan,2,23000000,2301,2
23030100,Credit Card - VISA,3,23030000,2301,1
23030200,Credit Card - M/C,3,23030000,2301,1
23030300,Credit Card - AMEX,3,23030000,2301,1
23030400,Credit Card - Discover,3,23030000,2301,1
23030500,Credit Card #5,3,23030000,2301,1
23030600,Credit Card #6,3,23030000,2301,1
23030700,Credit Card #7,3,23030000,2301,1
23030800,Credit Card #8,3,23030000,2301,1
23030900,Credit Card #9,3,23030000,2301,1
23031000,Credit Card #10,3,23030000,2301,1
23990000,Other Long Term Liability,2,23000000,2399,1
31000000,Capital Stock,1,,3100,2
31010000,Preferred Stock,2,31000000,3101,1
31020000,Common Stock,2,31000000,3102,1
31990000,Other Stock or Investment,2,31000000,3199,1
32000000,Retained Earnings,1,,3200,2
32201000,2010 Earning,2,32000000,3200,1
32201100,2011 Earning,2,32000000,3200,1
32201200,2012 Earning,2,32000000,3200,1
32201300,2013 Earning,2,32000000,3200,1
32201400,2014 Earning,2,32000000,3200,1
32201500,2015 Earning,2,32000000,3200,1
32201600,2016 Earning,2,32000000,3200,1
32201700,2017 Earning,2,32000000,3200,1
32201800,2018 Earning,2,32000000,3200,1
32201900,2019 Earning,2,32000000,3200,1
33000000,Current Earnings,1,,3300,2
33010000,Current Earnings,2,33000000,3300,1
41000000,Sales,1,,4100,2
41010000,Inventory Sales,2,41000000,4101,1
41020000,Service Sales,2,41000000,4101,1
41030000,Other Sales,2,41000000,4101,1
41060000,Inventory Sales Discount,2,41000000,4102,1
41070000,Service Sales Discount,2,41000000,4102,1
41080000,Early-Payment Discount,2,41000000,4102,1
41090000,Other Sales Discount,2,41000000,4102,1
42000000,Sales Return,1,,4200,2
42010000,Inventory Sales Returns,2,42000000,4200,1
42020000,Service Sales Returns,2,42000000,4200,1
42990000,Other Sales Returns,2,42000000,4200,1
43000000,Shipping,1,,4300,2
43010000,Packaging,2,43000000,4300,1
43020000,Freight,2,43000000,4300,1
43030000,Insurance,2,43000000,4300,1
43990000,Other Shipping,2,43000000,4300,1
44000000,Financial Income,1,,4400,2
44010000,Fin. Chg & Late Chg.,2,44000000,4400,1
44020000,Restock Charge,2,44000000,4400,1
44030000,Interests,2,44000000,4400,1
44040000,Dividends,2,44000000,4400,1
44050000,Purchase Discounts,2,44000000,4400,1
44990000,Other Financial Income,2,44000000,4400,1
45000000,Other Revenues,1,,4500,2
45010000,Recovery Of Bad Debt,2,45000000,4500,1
45020000,Gain On Sale Of Assets,2,45000000,4500,1
45990000,Misc. Revenues,2,45000000,4500,1
51000000,Cost of Sales,1,,5100,2
51010000,Cost of Goods Sold,2,51000000,5101,1
51020000,Shipping Expenses - COGS,2,51000000,5102,1
51030000,Cost of Goods Purchased,2,51000000,5103,1
51040000,Financial Expenses - COGS,2,51000000,5104,2
51041000,Fin. Chg & Late Chg.,3,51040000,5104,1
51042000,Restock Charge,3,51040000,5104,1
51050000,Inventory Adjustment,2,51000000,5105,2
51051000,Physical Inventory,3,51050000,5105,1
51052000,Spoilage & Lost,3,51050000,5105,1
51053000,Transaction Variance,3,51050000,5105,1
51054000,Job & Domestic Use,3,51050000,5105,1
51060000,Write-Off Expense,2,51000000,5199,1
51990000,Other Cost of Sales,2,51000000,5199,1
52000000,General & Admin. Expenses,1,,5200,2
52010000,Payroll Wages,2,52000000,5201,2
52010100,Salaries,3,52010000,5201,1
52010200,Hourly,3,52010000,5201,1
52010300,Overtime,3,52010000,5201,1
52010400,Bonuses,3,52010000,5201,1
52010500,Commissions,3,52010000,5201,1
52019900,Other Wages,3,52010000,5201,1
52020000,Payroll Benefits,2,52000000,5202,2
52020100,Health Insurance,3,52020000,5202,1
52020200,Dental Insurance,3,52020000,5202,1
52020300,Life Insurance,3,52020000,5202,1
52020400,401K Fund,3,52020000,5202,1
52020500,Other Plan,3,52020000,5202,1
52029900,Other Benefits,3,52020000,5202,1
52030000,Payroll Taxes,2,52000000,5203,2
52030100,FICA,3,52030000,5203,1
52030200,Medicare,3,52030000,5203,1
52030300,SDI,3,52030000,5203,1
52030400,FUTA,3,52030000,5203,1
52030500,SUTA,3,52030000,5203,1
52030600,SDI,3,52030000,5203,1
52039900,Other Payroll Expenses,3,52030000,5205,1
52060000,Maintenance,2,52000000,5206,2
52060100,Furniture & Fixtures,3,52060000,5206,1
52060200,Office Equipment,3,52060000,5206,1
52060300,Autos & Trucks,3,52060000,5206,1
52060400,Buildings & Grounds,3,52060000,5206,1
52060500,Machinery & Equipment,3,52060000,5206,1
52069900,Other Assets,3,52060000,5206,1
52070000,Depreciation,2,52000000,5207,2
52070100,Furniture & Fixtures,3,52070000,5207,1
52070200,Office Equipment,3,52070000,5207,1
52070300,Autos & Trucks,3,52070000,5207,1
52070400,Buildings & Grounds,3,52070000,5207,1
52070500,Machinery & Equipment,3,52070000,5207,1
52079900,Other Assets,3,52070000,5207,1
52080000,Armotization,2,52000000,5208,2
52080100,Leasehold Improvements,3,52080000,5208,1
52080200,Organization Expense,3,52080000,5208,1
52090000,Rents & Leases,2,52000000,5209,2
52090100,Furniture & Fixtures,3,52090000,5209,1
52090200,Office Equipment,3,52090000,5209,1
52090300,Autos & Trucks,3,52090000,5209,1
52090400,Buildings & Grounds,3,52090000,5209,1
52090500,Machinery & Equipment,3,52090000,5209,1
52090600,Office Rent,3,52090000,5209,1
52100000,Insurance,2,52000000,5210,2
52100100,Autos & Trucks,3,52100000,5210,1
52100200,Machinery & Equipment,3,52100000,5210,1
52110000,Travel & Entertainment,2,52000000,5211,2
52110100,Transportation,3,52110000,5211,1
52110200,Lodging,3,52110000,5211,1
52110300,Meals,3,52110000,5211,1
52110400,Entertainment,3,52110000,5211,1
52120000,Shipping,2,52000000,5212,2
52120100,Freight Charge,3,52120000,5212,1
52120200,Insurance,3,52120000,5212,1
52130000,Taxes,2,52000000,5213,2
52130100,Sales/Purchase Tax,3,52130000,5213,1
52130200,Property Tax,3,52130000,5213,1
52130300,Franchise Tax,3,52130000,5213,1
52140000,Office Expenses,2,52000000,5214,2
52140100,Office Supplies,3,52140000,5214,1
52140200,Phone Expense,3,52140000,5214,1
52140300,Mail/Postage,3,52140000,5214,1
52140400,Utilities,3,52140000,5214,1
52140500,Advertising,3,52140000,5214,1
52140600,Contribution/Donation,3,52140000,5214,1
52140700,Licenses/Permits,3,52140000,5214,1
52140800,Subscription/Membership,3,52140000,5214,1
52140900,Public Relation,3,52140000,5214,1
52150000,Misc. Expenses.,2,52000000,5299,1
53000000,Financial Expenses,1,,5300,2
53010000,Credit Card Discount,2,53000000,5300,1
53020000,Interest Expense,2,53000000,5300,1
53030000,Bank Charges,2,53000000,5300,1
53040000,NSF Charge,2,53000000,5300,1
53050000,Foreign Exchange Loss(Gain),2,53000000,5300,1
53990000,Other Financial Expenses,2,53000000,5300,1
54000000,Income Taxes,1,,5400,2
54010000,Federal Income Tax,2,54000000,5400,1
54020000,State Income Tax,2,54000000,5400,1
54030000,City Income Tax,2,54000000,5400,1
54990000,Other Income Tax,2,54000000,5500,1
